username,nickname
@21ab77b8552828b0f03c58a5fb3fda1212721a49ea7c727528a1a83934bf8d44,èŒ«.
@2abc8980361e72cdbf17500672b6fbdf02c98c285149cfd623d3ef7a2ce9e988,ddddd
@76df301007b34f82ebfb46f4e47d4245a06baabbf56ed28484ab883d28f9e676,æ˜‚ç«‹ç­ä¸»ä»»å°æ–°
@b7ae7773ce02a872da60e26c926ed090a6e399ecee3503f9a2d217a419947156,ç¥å¥‡çš„ä¸€åˆ†
@86cb2036cf51aa50091502afdf3aaef383c4dcfa3ee67017101f68fa2e22d890,å…³æŸ
@6758a3df0daa98b63a93c739dfc0f7b1fdfa4ce6f397212f5efdeac0a2acbe90,Ahuxinxin
@0d9c672ec4f36fc6d76a171ec8893b734c130c0ceb0c709849d14bd78e129d24,æ­£å
@fbaa08950c3742f5180b2dea9ed9a5f1e9a3142d520caca17fa8e51b3e677506,ç½—é©¬å°¼äºš
@658406fe6568f11ecfd1516e34faffa694f5ced26c1cd2c48a168363d81924f0,lzq
@76867ecbbf41b9b7468a504b5a7ea98f8b6bf5e7e91e471d9c5e2deb06ba2e18,ä¸ä¸å½“å½“
@ca7b2480fba07b3091b7c0278a1ca2f4c17d37e8080c96117feef852cd4521dc,æœ´æ–°ç½‘æ ¡-æ¶µæ¶µè€å¸ˆ1
@b6fcc508a35ac677e7de5112849c253a21e1d92fdac0695659029563ca2004fa,æ—è€å¸ˆ
@6d3090cb48be6c72731992a0bb6a737057f3f6e3650d4241290eb23630e73d83,æ™’æ­»åœ¨å¤ªé˜³ä¸‹çš„è€é¼ 
@34aa09c472366adaf8f95dafcb9fa2b0870de3394b88b0a328c563194e84263b,å‘µå‘µçš„å—
@6d16a47bec63a88561f64622ebc6d0e71b283e7e6c7de758000da5d56d772abb,è¥¿çº¢æŸ¿å°é‡‘åˆš
@c8e579f1486c54418e2f36a3351a75122f36fefd095397069f60f9ed5f186a3e,ä¸Šæµ·è´¸å¤§å°æµ·ç»µï¼ˆ22ï¼š30åä¸åœ¨ï¼‰
@df84e18eaa7c548a8aa87226ab1d6c9fe28cde19dac0bbbb1d8f1e76ef89c35a,Mako
@507da72f12f9dbb5af2619b93b308ebacf0641636b0f2b648260ebd80338d5e0,alin
@ccac068fb3b148b0fa4dd74d2a84138153d685afc6cd8ee34e0bab7ca24bbd40,GÅng
@409d20769d7046dae58f3cc1cb60b41b27ebc35f433c8b5f65c2aa22a43c1762,å…è´¹ç»™æœºæ„ï¼Œå®¶é•¿æä¾›è€å¸ˆ
@5bdc8ed97d6a26c118bc209574b0e07355aeb4ff68ad5d24cc48e5a73a1d4e40,psæŠ¥åå¤„
@9b29748d2a105f6fc3a0ecf7b7a3490f3e3b5615b3bee6b1cc67f80f33e623e8,ä¸ƒæ›œ
@0c04454bdad04398d1214d7496bfc69b807a4c48da47e90bc42356b667e6b3f4,æ©™å­
@1226c626c2217f8b494d50256ac8a9088f0cbe53051e394d8496716d5edaa358,å°æ—
@d658f83d24836822d4163b2abb586fd017ec64ed0b951af2d47e17c7145c9034,å°éœ†éœ†å¥¶å¥¶-å¼ æ˜¥å¨Ÿ
@42bb2075f06363f033cc329dfcb7db962f0db8339eb3631080bc791b64a94857,ç…œç½®çš“è½©
@221b3bbd8ea13ee877b9831ad7c1b6265ec2f5852c18c168b559ac75a3d961b5,é™ˆå°è™¹
@cf713ecfa2bb020b37fb9f58127121da22e6cd1c349566c26d427d0bcdf1da22,å·å·
@a806c4301609ebf5ef4114447a7336b6ed30cc144422c192a897160e349fc36a,Sara.ğŸ¦‹Â²
@17390ba2671da9a582c80648f2e6c5c8,ikyo
@7cdc29ef441b1922a959b2264d54b4ec9cdb2dda6466715a98285c5a79507ab3,ä¸´æ¸¯æ‰’æ‰’å¢™
@fc584e3833d622b958b7884fde59b22a7cee75c07f8fa2fe19c6dc285b9f3fcb,é™†é¹
@222917b1f65dcdcb1b4d316209832c4caf64405db803f2618d126e9e7fbef3bd,ai musicå°å¸…è€å¸ˆï¼ˆå‘¨æœ«ä¼‘æ¯ï¼‰
@78a185b57c5e0e176b43b1ad83d82d174301f3e04272ae362771403102bc8d8d,A@Niu
@3e355bf4bc2c9ae5252c6a7266f5763533ac4c23072ae7d5d3b56584834992bd,å—¯
@39bd097d118605736e4c9f47c6b4c901966302f7c355655917fa4119ed380fcc,ç»ƒå°šåå“å±…
@2f248af66e75c209fc086af2e928ce1b84f55ba62a74d0d4efe568db2ec920fd,æéªå›
@da6bd76c73ef88b5b258b7c63d09d27d936f7a7d24d93d58219fcf8c50debf2e,é”¦é›¶ä»Šå¤©ç›´æ’­äº†å—ï¼Ÿ
@8ed2e55973b96996eb429580c20a8117a00029cbb8ffad7990d6ae4910606496,Chelsea
@14177f17dfbc0f600c993a813c52a4026c6e1b2d6ea62429504d5e023fcb4b03,John McCain
@5cd647e41f5f8d2d20f936a3eef9552d15793860a36e00744e06164430e018a6,Tryhrd
@f440dee0124341ae5555532a22ced6da5879aff1981fca9aeb3835d329ed967b,ãƒ«ã‚«ã‚¯ãƒ„-Hydroc
@5bd1767d79ade80a06d1f4f9271f738c1f032a936ca4690cafb744922d3131d9,å¼ å–„æ–‡
@63dd7d618b81640c8035befee1bc3b8fdd1c74f2b9247f0d4097b67679a5a1a8,é¼ æ ‡å¤‡èƒ
@569995b5bbc6df40ced40d15288cb6b8d2c3a4bd79def83093a7414684387775,ç«¹æ”¸ç–é“ƒä¸¶ã€Œæ˜­æ˜­ç©—ç©—ç‰ˆã€
@81fc4f07e4ab1c88cf627ec78b4297dbaa8832eeeef8b805acf9fe41029692e0,Sapphire
@8612bbcd2899b91b08bc679c4812feb29e1839b53f5b723734b03ea205d1c0e9,æ¨æ˜
@81461b98cf191d090be66d0adcc5ed11ec3683a0b6ab74c1af6d7de9df8597fe,æ–½ä»¥å“²
@95bdd17f3c8673ab4dc6b178a4f588c82ee273092c7bedaa8e24669833bf60dc,è–°è¡£è‰
@b2655fd0f7c706752a0e89409abd8bd0468425943784aafa8d47f4682a269ac2,Hans
@0aef9dccbda0cb66024442106580cb231bf784cf968d2e4ff5d97b81841b199f,è™å‹å‹
@d5e7a354d6ba1193bd93a7bbbed57ca04628102ab3aa2de9547d5bf2ca4fb60c,é™ˆé€¸æº
@efab086023ec837342ea60a2c2bcc510a3f5d75473222adc143415ee23a9f5ca,GODW
@02a40173a711ddec36cb3b3f75da85b16b7d53be520bad2bf7f895c3ab4d7da7,å®‹ç…œ
@6c951ec9567cca6cb3a62bb0165e24e1ecd3878f2d3411933f339942d965659b,Paul  Lin
@3cbdfae8122a1619a19f04eef187d24b33222a47ef51f7ea6cd92865e975bebd,Beast
@9a0dd04e1bf2372aac62b0832a6bf2ae48dd303774d0fc4c18a0c2ab24d50073,æ®‡ğŸŒš
@cde6b1f3e4999cc5754c95e0476a93b3b71b0b326ae20e61998fe5df2e4d4b0e,David Zhang
@748880b287a2f136afe8afc11147ddf2bb3366ec5e89d6d79b0b42b393f34a41,ï¼
@b6a7827e6c45104fcf205a70d5f65a166f5366b9a6bf57ce3342c5ffd8e34d5b,å¤§é­”ç‹`
@fcfe7750aff029577aa11b34ede5bdf52a91a062f41ffdd16bdddac8016a5774,DZ
@6c5d95ae22cfbfb6bfaf1c69a0ee3966ccd7068fb9de9e3801de098df7681cb3,JHY
@c951d3e419eea7475c289e97af82dc62ac90f88eebbf637217866c1050517d68,Lyn
@50de08be262d7e789f03f20733add16c31104a6f319adad361c6e485e7b295a6,éƒ‘å†›
@13042e50ee9230bf2f1e8452bd9e0eda73f5741f87301012a890863c3421c928,æœ±ä¼Ÿèª
@3dcda840d9234a6878cc37ad679e360f7abfbcee94e7fa05e7bb193c63597891,é˜²ç–«åŠğŸ°
@523dbadb098547359c4d185a0d1db83a7909f5b8a9a1e40c8476622bace072e0,Uranus
@fa74e9f2ebc61f2a078fdb9f66c5e24078e0138670440b1fe0c28af181240bc4,é»„æ˜¥æ¢…
@027adf131e72e6521ec4964483405d43,ç”°èºå¤–å©†
@aa0bc66fc416c51b10cef0fe1785a098c4bf007fd8b500e81bb33de65d56459b,å°å­£
@d1b06e8e5e33b2525a5196bbdff69f826eee558a304cfa2907d7309ef3b08525,å¼€å¿ƒ
@dd6e026293cb674614dd9969b543e8d5fd70ea4821c7edb450d022c97988e378,å³ MQğŸ’¤
@356b55441d2f6f2229521a42fcdab8fcba997f45c0fb1ec77849bcd56cb403e3,JosÃ©
@b72508c34daece2e334439f31eeb0c0fa54029f90985d0047152671b0fa099f2,ã€‚
@4e64270b6c809d90dbb150ab4fad57c2269ea1cec082c16fcacc0b526dbe41ee,y010j
@b1663e6dc0af7e8b2fdd93c37ce6f13989faa4978abe96f4c77c65cff94dbccb,é“¶çƒ›ç§‹å…‰å¤œ
@603e7c382f09ecbc2bd4907f4b2188bd,è¾›é¢ğŸŒŸ
@b727a7d7c1165a8a1f01858814e466bedb6b8c9dc615a0a9f8031513d1f2be61,JoinQuant Data
@8b3bad15cfb4e773096da94cfd79fbea2020c97100b97acbad65b65cf5d2111c,VOLCANOç«å±±å¤§æ˜æ˜Ÿï¼ˆè®¢å°ç‰ˆï¼‰
@e4220fd5e7991175c517b51ced99020a6f3da3ea961e741ea898445a50894e98,DDá¥«á©£
@31f425cb536be5d9e37b98a904d1a6bb224c7d0d204cdd13b5d14b5e56edf7ca,YZ
@f661bb7461428c02c2b60e07b28f14694597df821f128da700c5c25617b319af,åŒ—æ¸¯å£è…”å¥åº·æŒ‡å—
@5255f6891aad2a4059ed2cd444a0aee3,æœ±æ™“çœŸJanet
@33afb7e9123a3fe2739cc8f009a9e9b6edbf3b344a42cda6acc9c1726cc2213c,Annabel
@f2af52885ccdf0d2d8b77a730787c95c0b5e6c9fa7e1d1c03ba645bc8b2ff22f,éƒ‘ç»æ—­æ•™ç»ƒ18368793327
@b2ceab67dd3c4f88748c2d0cb6c919a77a576cef94d0a99adb986023705e6f9d,@
@f9c3250e58eb870eeac900a64b998ee4,ä½™ç”Ÿæœ‰å®
@bed58e18e55810a6dd9cd966fc507cc996daa7d2b32334564577b9fd6e8abd7d,ğŸ˜¯
@df3053214c8414a5f70140357c0c1b594631a8e50135ceb2e45733f22dab2122,å‡å­¦å¸®å¸®å›
@a2f84db739e0c8f432fdf4200cdbe7fd,é™ˆå…‹å‹¤
@25ef1e221ee5857e0ab965250b174702de9f3b1892a456091102582c2fba4baa,Chelsea
@b813cc8675c920325f26a4f66ab1e856fc3467ce24f6ef8cd141ecb13d93d9fa,ä¸€å‘¨
@98f799cfeed5513046eded762a055d4b28295d1a458eb75d4c35bea7634fd80f,æ…•ä¸¶
@114701c6ad2c0ceaee2900c74485da3cbaaedbbcc3ac5d4ccde892e2e4c9a3fd,æœ‰æ­¦
@9fa59bcb01f3b1a3a965ff24b1871046f2be64e2f0e370b0ae517b3cce97abc4,Jeeby
@18bcbcc8c2b6b457300a8d5afbfe752545b38f97cfd1a7c6fe0bbb602e4cde27,Ê˜ÊšÊ˜
@602cd2a6320b53331f9d7d4e4c238900,å¼ åº·é›„
@e9cfcc6bee36142ce5e335ad663ee5047f6a783d5ab2d63dd54654820f33a3fc,æ™¨
@3291138f4afdca4897d34077fdf18934ac4b68df574d5a27de24c6156abde8fd,ä¼å°æ…¢
@ab14f7a20b937472f44f76d666be0cacbd1d9e2986566bfdfbdc7444dc3ed6ce,çƒŸç¬¼å¯’æ°´æœˆç¬¼æ²™
@dc21ba6e61dbdd330c72feee6afed009cd50097bf8a2021c41e9ab4e8fcdc7a2,æ±¤å›¢è½¬åœˆå„¿ğŸŒ™
@1a52fa0fd4324fa0bd139f16c95a733306c21b8a159d99d1c41f20b8e8638f85,å”å›½æ™º
@bdf943753698113138016ea585d1d0fa2460cef2c66c0a183697de6d7c4ecbd9,AAAAAåœ£é©¬å¹¿å‘Š2çº¿
@66e2ae44ed36305214dbc38d691b730ff6afd02752680b868d3329177a4fcf15,é™ˆæ™“è±ğŸ˜‹
@f2fd48b6c84ce560e6f589af37d68ddffa6ef099ebdbbf2c90a725e906ba01e8,ğŸ¥·ğŸ¿
@6c453cf6a910bf0d6b957c9bd1c4e7f68a45669951fe359ca2f8ef34d28819ba,ttt
@99ac435dc590a8d163491c09f3b0bbf49f6c41be5b83a6dccaa6b9c95aeab3eb,MeğŸ°ê®¤ğŸ¦
@75d2e3ec12022fe8e80e4737d2b1da901b41b61e8446451e461da698efbb8097,Sarah
@3567a7cd698a8912198d03bb98d612ad2e05a222560f9274e92e3cf412375bd3,Curtis
@c5ee882de61ae78d68192befe8ab3170f154e22b4b6864cdd9e06d29fe506efa,å°äºŒæœæœ
@b427107e5b2271270f5400581ff22817cf29a1d9f29e598bad02899647833c1a,Red
@2af3a6b65544fdac9541e4cb091facd221017237e7003eb24917940448e1b8df,~Forever~
@18c717fc87dc32e86bdff4be0b0d5982ef50b55ef1251764c40afb4be6d12b9b,TLOU
@e8956b607f52517ec2389bdcb18fcafc9999f74530d1ebf8b25164b775e8d1b4,è¥¿é—¨å¹é£
@ef42510d11576c932132a421c32913a3a79b4d16d75439cca17fd1db7bb27e48,å‡Œäº‘
@d2263f7c5ba39d22f372f44eda0dab5fd34be35bbf98b2981a922ac629dc4e69,å°è¡£ï¼ˆè¡£ç±³æ´—æŠ¤ï¼‰æ´—è¡£æ´—é‹è¥ä¸šä¸­
@dd9c2e7ff3433f1cc178a455d9b7f1bd,é£ç¿”
@bb34d556e673d1f00a1b54ec2be04f41f9849bf21d35e13250e7b8ebcd985504,é£ä¸­ç«ç‘°
@aed470942e47eb110c4c3c11330f3e25064a56b549b022d03e12df65306ba078,R.mako
@9107f29704030ef6b80375441e28226538060b49ebe7e59363a4698312ca655e,â„¡_Xu_
@6591068bcd2f2411aa71201290dfd09cac33c9084bcdbc9f7e0694c15066f9c2,mz
@27b950e1c9fe140b60a540590c13225e974c5776fc4b21defd53a59760f6b15a,KAI
@f8e8dbe1e838b95fb81151452cb44c9d8ef17912543413cbbcd947257a5ddccf,Sirius
@8838b195564a1b415c18d3190e3caeddb9c6705dceca6df5898db2e1151b6cfd,ğŸŒ€
@a38a5816f340eba9004242db5ecfc0dd4f5f77d5b3300ab6c9ba1f7d06800555,Adoins
@cc214dbbda11b6a0813688b912c2e54eb3a5a6c10d947080cee6ad31ba27accd,æé¾æ®ºæ‰‹
@4e8b8e2cf1aec0adfe1d26b589ff4c34518de86de5fd9c741a044c92da7b4fa8,çº³æ³½æ³¢çš„ç˜Ÿç–«ç¥è›¤
@3b93da02662dd82e9112bb417eba4666983eb128f1fa9b2db8f02f91ef69b2c6,å”æ—­å
@90fa526f382108160fbc8159acb7493154396f809396ed1f932d93554e1d8c69,Cc
@fb21fabf93c47e3504ca33b7104d15e5d86806cb5c6408ed678346743067c525,ã€Šåƒä¸ç¼˜ã€‹æŒ¯å¾·ä¸œè·¯62å·
@a5339af6d7fa3363168171c779c7bd0952f8150e08995581a24b721942a0481f,æç¾å¨Ÿ13648077234
@5078a492de2c5141458707e69c152b60ee9baff9e957b3740ac928cb4c1760ac,åŠªåŠ›åŠªåŠ›å†åŠªåŠ›ğŸ˜ŠğŸ˜‰ğŸ˜—
@b9d0533446bafd42b47d426d3cdd26c66342dd13cf430cbb250348bfcec0bee7,Lena
@c4700723fe48c370fc098da8ca6081816af3da28de9eb059faf6dd42a414d644,HR@ä¸ƒç‚…ç§‘æŠ€
@13fe1f4b8fa68a3602dfc86ac00f278f,Daniel
@859950c8c4ad417e8e8fb3607d8528e156adf878b0d983abe26b834c3c128c4e,æ¹˜æ¹˜å›¾æ–‡
@6c0a5bb345ac01d36c9982ec40718d2db01f03ca00f69feeae97af82dac7f9b3,FINE.
@6fbe4c6a12891a2c97a2134c6f6e555b84d9afc68c952309fce9fa8243cc5ef3,å›ä¹¦
@01204a707882a2b462f95b0247a038d3c548576822a57df304c5a3a84d1f4e46,å¤´å¤§
@a1e5b9f925d5a0b6771843f943c2d198d5b9d95144b7f47ff83aebbbdcc5f8f3,é»„æ–¹è´¤ æ•™ç»ƒ
@b31bc047f47d9a1a8833f136414e717f,worm
@1d1c32c3439ef0b3582a644bc30df34cdaf2c45b2ab8c167f032cc6f68bce9a8,yuğŸ¾
@2b79802e6a9e1d22da4b323fd2ef3dd3bc427160620a3b3e2d4f4663167e9b4c,ğŸƒ
@feacf2d38783da0521f44e9f9eb3eaa07bb1c41d077751d1b6a856ac32eace48,ll
@17eecf1c57984805fb79c41c434eb820fb978f78a2a30f9c33ba875a4873e1b4,ä¸‰æ–‡é±¼
@aeaa56357d947616bc3713bebf9bb8ba9b9c784238ee8ca5bc3e7a33b59cdfed,Aæ¢…çå›¾æ–‡å¹¿å‘Š   (ä¸Šç­ä¸­)
@1e617f3f0c076ef9bf66c3451310477362105ca5b7278af161b0bfe621bf2887,æ¡‚äºšæ´²
@f1361d7223b1704bba97385f623ced045eae8ab8de9be4d5c37982cb53d2a3ec,Hw
@742f11b59af5889fd473269f70b207664f2ae2ddb23214be7696bde23d8aaefa,é«˜é¡¿æ•™è‚²åˆ˜è€å¸ˆ
@07aaa18e7e7eae6f2db94f0c6d3b695d89ebf3895a73e3b6bdf405bc15af51a6,ç’ƒå®«æœˆæ—
@43a8abd4842f342fcff229a0ef42ffa177a3076643c9f2e1a063560874368387,KV
@f8e4122c8218101df83c0b779d046a3551516052e479879f347d5ee567aae37d,junjun
@e0896c3c43988a270f26d66ddf5fe8a5717c82cee9cc21030bc444cdb91adcc7,Kk.
@da2801d2ec5b6f4ce13f5b09ab81cd32b079c60a1f2f3ebb703b88f7b0a99c3e,ğŸ¥°lili ä»”ğŸƒ
@211302e97ad011da5330063611bb0def76028665a2f5b16a53ac903690717d22,wu
@7ec8aaeaa6d173144c34460527d8789d1eae0f9a52cda83d0b0977b8ce586a4f,ç”³ğŸŒ¸ğŸ’™ğŸ’™
@3d6abe4361255f1a0b5e0853e5ad86f6,é”…ç‚‘ç‚‘
@4f40ed45ecbab9112b81bcfc51476ebb05ebc086540f70591e036a6d3330b1a4,åœ†å¤–
@874afac5e3f774e52c329883451346e534ec6bf7bcd79a2a5c30fc35577ca562,æ˜¥
@31f90d0b646af049da0a8a651c17daacacf68e3e1868272fc848dcaf81181c58,æ­¥æ­¥
@9bc0c571a19f074f5ae6a2eab4933b60a015fbed4fc964376173a464a0e369d6,Stoic
@96044edf0f18d8ca90316ce2990c4e9229082d9b73ef668f0500101fead1036f,lhyyy
@3036269947f59a5dcfa7f59e34e00ffe5d5e26972e15b5e3cbca95a4b9827422,ç¾å‘³çƒ¤é¸¡ç¿…
@28dafdde76afdc86363f03db34de7e68,Z.
@b14ae1dbbf0e191cc78f5f410678637083b4f86366cce07239e72ba34e8c093e,BaritoneğŸ‡¨ğŸ‡³
@23f0ba9febffb00019bc47569a0139940afbdad2b79205bca2dcb92ee160e5df,ææ–¯ç‰¹
@0329adc74b9149be5bee1d91e185b15ba17104fb726d7224bbfce5c67e94d436,LYJ
@988202bf9b8a0272f5a43223110165fc88d5db8a0088047b10d2083e3f78d06a,åå…­å¤œ
@724edadb8cc87e74332014cbfa0785a0fb15545ef7911966c4f6efa01225c2b3,å®ä¹ æ¨èå›
@0368eb4fbb6cee8abd839d12594ffc3beeea2ff11ee9454b87c63dbc8c401573,lenovo@ç‰™13868591786
@29b18280493925e863bd49ccba95e923519165adec13ca163e334fb0fea13a0d,ä¸Šæµ·æ­¥æ‚¦æ ¡å›­æœé¥°||è°·é‡‘å…ƒ
@46d8130547f0dd53e76f97ecb0f1c2ae,é˜¿æœ¨æœ¨
@7c903e35f6eb3cc9a914acee9bcb57e7db0c19ceb43a7b6f1ada43442989e40d,Benzoin.
@112b1e83dc68550518e52b4f86bd8ac9c5d6a1b9e633540363d4b8a4a583a52a,ä¸‰åŒ—åä¸‰^7.4k
@1c95050efa4e1530af12e2590ef34bdd16eed59aa982bb49449dd6f8ab9b9302,H
@7dbb296f605082e1e93ca8b63e08cdd984ffedc565645919bb67c2b683838eef,æ— æ¶èšèš
@1235bc0bc329c1900609b696130ffd247c2445c4dac83c64d9b16f5c614541bc,æ¼¾ğŸ
@bf9197d7c732b96b24169863f654173eb1ab996025493abd1d73bde3511cc248,å®æ³‰
@1f412f6b66a2b03c1b5a6518cbf4566b50f9afca213b56a62e46579ac85ff99e,æ²è“
@8cabe5775e7cfa3a8f99f13447ed0ae8,
@ffcf1dab408f8db9fd982057a00d86c49e2b344f5eb1c3f9a83e5ffe7cc19c80,å¦å¦å­¦å§(æ¬¢è¿æŠ•ç¨¿ğŸ˜)
@644affe60973f6ce5d521cdc792833400ca716b0c6d05069ed14222c41c1d836,é™ˆé™ˆï¼Œï¼ˆæ…§ä¸¹ï¼‰ğŸ™ğŸ™ğŸ™
@a1e10b71796c82abd3d534db25f9931b76c5cd7c4ba71fcbda19f343395e4e4b,ã€ç­ä¸»ä»»ã€‘å°èµµè€å¸ˆ15201775674
@258d4351c5d2f6a778f044a0ec7970b2978cf06c5fea61fb8d21f988d7da7758,ç¥ˆæ¬¢ã€‚
@cb04d0c02206a2198f64a7944d3c4683e81600c8a0f24ae16c6506bcc18d00f7,Gluttony
@a5fe2510d3c45db766b9834e0791b268b0312265a8a31230fade65a7246dbd92,æ˜­æ˜­é¢‚æ¡‰
@6019ed901f7d627ecbb757641e5f7f4f523c5beb8ad079614a57f106d53d5f8c,åå°èƒ–
@db8fcece4f4b6e6cfad06c95044e50cf883747be973eee6107842bdf4249923c,ç¦å°”éº½ç—‡
@1fa7e5247dc1783fd292069494b380f9fe9092ed6deea1f0532a07922e002344,æµ·å¤©è€ƒç ”-æ²é¢œå­¦å§
@3367a188db2a3d1d690f543820cad188d0d6fd2f3dd49cb3744ea8bfc9f73287,å…”å…”
@ac39d88c0fff47b022ce525263bbaddb530441b4bd8177476921492da48c63cf,Lish
@a6aec674a09fbb54b3ddc5b9bcb655acf0edddf4e2ae6cb03ef6f3695ce4fe34,XuYMğŸŒ½
@4344589d9803191f067cec70e5c486b4,æƒ³å°æ»¡
@ec8c7019ce2d8c736da427e0b0973f8a26990d88f40005b07951eea144f95af8,é™å€™çµå½’
@5c0cc717aa8e82f140a7988f4b6a9daa068c8f3c6a33b28d767fe151b4683bc8,å¸ƒè¡£ç§€æ‰
@a1b457e1bc404b419f5665b505785a337a34c2d1e35ce9558992023ea8cbb290,ğŸŒŠ
@d2ea348060b2807b9096ad3c94712e49f02f4de556af6ff28721b3c14393d316,èŠ±éª¨æœµ
@f382a585e647c1d3e136753f2fc66467314e93e4038faa0352a22f3113a16645,^_^
@2c14c343617bfd953ad69d8c7318196ed5c3bfb0e3aec24a2a6cae589ea01fd4,Meteora
@56707216f48bc4717cecd71a065224637195304c7c07cf251b355449934e032e,å­¦ä¸ä¼šçš„è‰å±¥è™«
@89c67b962d10581221e782f91ecf3750601556f38e5a69e0ded447e134638248,åˆ˜å‡¯è£•
@3cd45ea567d9e9018e24b5e3c0190f292f038a9d4e756d0dea15ee957853dd61,OyiChen
@14526c0382151a30cdcf5f5066440af7a1a8d8b3e6bdd458be7ca71c3fb64ffd,Isidore
@c2b84812ea4eef70d7baba1bb30dbf86554f55966b1d11e7b6fd01a03bae9bc1,å‡‰ç™½å¼€L_Yu
@1b79b6d9642baf2ee678ea16740b392c49a325b7ec17caf9c2872cfa379153ca,ERiriğŸ’¤
@6f6d53ceb7ba6cb3717ef54a6b2a78fd0e15b6b137ab31d9ee29e2f64c9bb342,å›°è‰²ç‰¹äº†
@6dd08d71550ec9ebd06f9d7f732809724d33ef7e5605388e06d59bebb06dc2b5,æ°¯åŒ–é’ 
@aaf1a58a8c99efe954da120f40c4c3b874168712c14f93ea867786e86acc9f09,ğŸ¡
@2c5fb03b10f977e80199ae5825e2923ac89a692ab0639c2328ad6714ab5825d1,WY
@5e5ede5438d9d39edfca50b35bd85f83b723857b68bef959cfa2ebc127ec0b4d,ä¸å‰æ³¢æ™®å¿ä¿Šä¸ç¦
@a2a28cfd206555da7d644ec01787ba63d8298d14257552215f53951c04479ee7,è½©
@c461fcc357eb4573e8138e528dda79dd61a9cc25fb980436346004cfc88528ba,humorousæ•™æˆ
@bea5e786aebb1c76df196c6d8cc03956,åˆ«æ€•å˜è€
@b92418e19619070a4b37abb0b78acdaa5113ac46b65ad83ce8307f18aa0df4fe,KahviAsuka
@527edf2897be8ad7e36fcf6dc3a5822d0d2a73d91e29e7271c53e910915b2d2f,Dew and Frost Gleam.
@ebd82f7d4c0d688cb5a34bbf397cfa4f7fb9f176d11f60e133fbb2ddea997030,Pockypiggy '.ã……'
@1a5fb283cd5aa24f04498b6418f6b0d9c513db5ce9da46232e38b4eed579ac38,æé“­å®‡
@93a867ea1e200215c1b35422179e2682725d93d3a4735c6152e9523c2eee12cd,Apple
@befba32d10abcaaeba5bb6d93446c6362308c73658635a380c23d6abaa62fa0d,William
@12e322d86fe89da74a55e0f0f0a9c995a257451bc35b7f867a1fa8687f15eb3b,Carolinaaa
@dce6cf60cbca4df5519df1dd80a734f4ef5c0f44b683c041bf9a462abf580438,å—‘å­¦ä¸“å®¶
@71b2c76e66a33e215bb2e8e341791ba27bed8ff7b4f7d6f7230be26a5116a01d,åŠªåŠ›å†åŠªåŠ›
@a222ca7972e93d15d6e24b93c7d973f7,CCé²œå¥¶(ç‰›è‚‰é¢„å®šğŸ‘ )
@a4dcbefa7cec0518a15d8055460a88fd2e464ffc0556f396fccd6dc5e9c9b5d5,é™ˆäº¦ç¦
@9144a8c13af17e17f45f2806ffa3a38c8336f4acd5a1937125263f88cf95c1d4,megumiğŸ’¨
@61afe703c7218b71d0b957bbeeafaa3c0da35ad6ef256d10abb66d828e0a6182,Joanna Van
@5067449b0190d96f3de2a21ca4824e86b928bde0301edd9c1730062b3379357c,æ†¶
@648de574d889acabd91bf1868c0b5d755a36082cd5f1258c100ef41eef4732a1,Yolanda
@e11d413ea2dedd292085e4d12bd3bf22573f36a61e1b17817c05cb97aecd722f,ã€€ã€€ã€€ã€€ã€€ã€€ã€€Â 
@24572d977f7c57296451e7cc9c52317ceff2ff1991845fb8f2896b72282bd8dc,Â¿
@7c477caef29af6bde716edb3ef03944a7bd50e799e7f20caf09386bf65a92521,ç‰™èŠ½ä¼¢è®¶å‘€
@12fd22bc88d87c3e22159234e95b6d6c4c6f71189126c6ba48ed403a23fa2247,æ— èŠ±
@fc955e6dcd98dd4895079cd6f2a1626a,è¥¿è¥¿Adam
@04135c230057ad24f16b004ffa51e6d6116d4b7cd7646b3ed06b59d6038a9ae1,éš”å£å¶å…ˆç”Ÿ
@7b3f0926e24778234092f4ddbfc1491e89b7e111d189f937ecefcf45263da21a,LAIï¼
@7858a20d49e4a6406be65da23ae1871683ed646ea855e3fb45b8cdbef0ad6962,.
@b311c54b1354d5e1340e1f4434cb9c4b692a0272dd22450a4c0611cbf7a2d0a6,ç™¾å˜å°é»„
@8120e4c7998b401bf5e7a0c6def2e2dc5ccd4c03d4ea76e003d57a9f7a0cde7e,Ysr
@b5b6876aa077073b016b75f97ad27fe43ad4409129d8272250995e0594dbc2d5,Brittany_YY
@c726001cc982b456489a45160139e5b74e9717cc71d920c8e755ae40b1217353,ä½ å¥½ä½ å¥½ç¥ä½ èº«ä½“å¥åº·
@15d68bb1cd9fb1da902ae92d2399933f7f44c2c4f5759c9bd4a0dda0ebb23d23,Stephen 30
@abf79dfda21d9a830591e01221ee7bd81d94a6a132c0d9e002e982f4512e941b,Melanieï¼ˆå·å¿ƒèœç‰ˆï¼‰
@e089a85ac5ebfb2aff5ad8272eda038e4028289e8de75c16ce15532a3df440b5,Fã€‚
@337e82b7cdee03202a03634d8633e15ee30ff22406699890e114137cb22c2495,ç‹ä¸½å›
@beb01a889da6b461e2d64687f15d1d26d7dcaaf71581df690760ab3b12eab3d8,å¼ æµ·ç¾¤
@2890eb43b6555c660b7bc14198b5e1c4d13fe931b1bb61f8663585589f2e1972,æš—å·è“
@7d4d22d07196a136c29737e3caefb6cabbadd55fc3598194d96837e62dc72392,æ˜¥é›¨
@fd9652dcd0fc2044f26ad9bffe3094b17d71657f66e37be249105172f8238152,El NiÃ±o
@a163a184dbc02c6297ebef90a6004d2746e285bb128087228b7a45456095a6d6,ä¸ƒ
@558e980314e78d4f502c53af97cd99384fc6a8f098e0c2dd277238e146ccfb44,å…³æˆ‘è¥¿çº¢æŸ¿
@ae9f881dabebbeb6757eabce369cc5d0e561906214792e65a2b47179c1467a73,ç•…ç•…å¼ˆå¼ˆ
@ae41be55ff8c865c090786b27cd3b4beecf5ca8be462ec1a5c90bb88fdcdcc26,ä¼¯æ˜æ— äºº
@b0335d5747734e32ef331baa21d2291486bc9746f2de44a6883d07c567e1f9d5,å°å”
@ee08758ddc6a6d55805ffe2545624dc2dbd0e81d437cefa1283787827b3d4791,A11eN70
@22fcde378dc762694a130bd1eab3cc5683d725b0b119225790fcf29107dd3dbb,Grace
@f189343a9decbb8b2c825ba406d46e01de259fdf591d3dcb52f41f547c85a021,å·¨é½¿é²¨é²¨
@def098f5f15aef06fdc6919ea2c5b4390f2ce8fe261e463ef233085d24db8086,å®¶è¾‰åŸ¹ä¼˜å°æœè€å¸ˆ
@5d8715a36cd69113e7f63a0367c03c242804fcb89a174430838a6353a25825e6,é¹¦é¹‰è
@589a0d97ed866d6fe70f492c3a97d529d7962c9dc3588210aee9d1d867071fa8,smile
@9cd544e0d406868fd7e8ad08eeaf2f0c27cc9b68ff5347102f781c398f3954ff,WLJ
@03bad41938dde0eda599bf7117866a3179c781db76ca79a9fd066d19bfe0d702,Agnes
@322b8252957bf8d1f085b1b89e75d04fff8dec0a1e187012d2ba911c9d1df789,SusieğŸ’•
@d923d4410b464a503b9f3255275d052071fea6e9815316ea1337b4e8470b79db,Guren Ichinose
@2b1fc44d9aeaac1990dd289b15be5353,è‹¹æœç»´ä¿®ä¸­å¿ƒ
@2176e7ef3092cde9a790b3fcef390852cb22767da1c501cb9524331cf8a829ff,æ±¤é¢
@6245addce46cec179828fc0518689100e9b3fee248d46434b9a01c74b4eb31a7,è„¸å¤§
@1d3311614c2574873d7d39fc41400cb581ddafc21e44f45720285df9410fc68f,ğŸ¯ä¸æ˜¯æ¡ƒæ¡ƒ
@8ffd129b05f57c0f815b54f7fb77f8d77b8ad77942df13e8be57310a825c4183,é²œèŠ‹é’ç¨åŒ…
@b9e0816dfb6c92f58add89ddba897640103185a21bbd56f728be02445fb4299a,Alex
@3a00329816d2b4724dd8c4e7a9d673b8c24ad886fa6c9e75360f5a4fd83b2e63,é€”é¸­é›…æ€-å°å®‡è€å¸ˆ
@a2d490b5a73209e45a5dae1c67053acaa4363cf6678388cc5a683c89a7f1f695,AGUL.
@efdb5348ab15d44055475165e503ba098cc55ee2fea5badcb2681a496eb42ee7,zl
@2e111bda36b228092772473ee252d700a3656a70c452184128c1b8a35be27f21,Hucutchc
@348e25191c31fa611c81c9fe14dff76838c9be7894445a7bad12145601457459,Fiona
@40dabb3327d2b765b02a89f5269bd7f8822b33467d81779d97579f850d8e149a,å˜¿ï½å˜¿ï½å˜¿
@862f9af690439b820c7651ed6e70cbc06db3a75e28b023fb1144158113c8ea28,Yuet Cheung
@5ade04b1c73f12e73bc539222a15bc26795fdc60185c19089ae3e7497a5bfc30,ä¸€è·¯å‘åŒ—
@3eabd55a4c25f585769d4641481c2b0882f94cfed5d44eb19bf17fcdef752a4f,åŒ…åŒ…æ²¡è¯è¯´
@5f6655df983ed93da0e143ba01fd5b99ebb5555907f502a72ed4e7cec736feed,æ¨å½­éºŸ.
@8edd5c8931abe857e63dc25bbee73e1f23334c3b2a4acd73b15620ddc572e4f1,éŸ©é‘«è±ª
@53b2d0a93ab451c6cff0be9951eb93f7a899ea7cec8450d4eec2fdc0de6a90c0,kk
@a76653874e478d826c5eba09e5730e76c8cb7f8b9b5c2c2ccc1ff533763becdd,æ¥ç€ç¡zZ
@3efa8268aa7db9fc82f57c10dc200bd4c521e746859e415fd92fb31f838bf652,æ™šèˆŸéŸµ.
@f8f97ab9750f344bca2b71fff18f8457,Xilly
@d6b814f1c9fc83529bcb27fdc430c4e0146f09b18868fd5d9e38b2eba119883c,Belinda
@ce13f39b705b65ce42e8e8080ea4abdbbc73abd12c5fa620846dab8a116c8e63,AA  å¼ å·GRE-Ciciè§„åˆ’å¸ˆ
@9980abf8fff7d2105c982dcbfb58e135da764c1a73c5aa7d1ce3f3b2909d30d9,Swiit
@f1705e89d78d3a5f1e57c1e3dcfbe96925d202710af7a301e04e78e6d2c7b71f,å°è¥¿Ella |é’å±±å­¦å ‚
@e37f185098fcbf102e6e543bc7d35853010ca7dc3381b67f4780eb56ee315fe1,KRYSTAL
@2c3f8f85048af413f6cfcf75074a5bb0242cc15ff0a37f0367aa63c3715cb9b6,æ˜çƒ›å¤©å—
@691dbf59dcbe4fd00daba4f062373f0c9913cac9f469c6d2b50aa9e82628e26d,æ‹’ç»æ‘†çƒ‚
@17c7934730efd4981f10071d3139f949d49f389b5f4efde703b5fe3072d0df6f,æ™šæ™šå°åŠ©æ‰‹
@1dd8e034dfb829edfaea7105dd25b07eaac86da75ab5d1ee3cfd43483f473709,æ¾æå½§
@485c3a14931bc6b042914e2553b5698b6be6871f1cce9d0e0f71677417f6fe5c,Tiaki
@7797718238dca69cfa8915c7fe3e5c1e31ca808de04845e5b7df9151d180628d,Chlorine
@183a8bbbbfbfa86aacb726b3e23b2a5626415d3b3055dac1552dd65e44af1238,å¾®æ³¢ç‚‰çš„é’¥åŒ™á°
@79e7ce10a4600ccbdc2ff4c02fb93a9b0e2e178efbe9bc60c320a7f5aa563fd7,.
@5f409c8b4f9f89b6eae893a1dde610e5,ã€ğŸ‚ã€
@3aeab0df225555c1d8fff8027fef36748fa9d0056515de36e9aa8abf64046852,é«˜é¡¿å´”è€å¸ˆï¼ˆç•™å­¦ã€å®ä¹ ã€ç§‘ç ”ï¼‰
@3284a797e002646a7412d7790a5f94c9efe9d5e875fce9b83b88e5caba1c28ad,å¿˜å·
@d44786b1c14f49c077ac60540b15449a5f65f96184eab7626a991568f3d5bf85,å—éŸ³
@879542d790d413928ec0b28a22900a8ebb035d1ab3c39f34fb9f9257b79f0751,ç‹®å­æ­Œæ­Œ
@51ed81000796d3d0608a5cc00882dd70ea07f65cca3815d916e15296102804f8,é¡¾è‹¥è•™
@aedba4afe094001e54de33ad282fc548,é˜¿å 
@5fc9796c3fba533b361e49d01abee9f4e15d274e8709f602f7c0c1c10f41ba62,è›‹é»„æ´¾
@eecaffd9b4ac2d860cc4af2b987b492c4126ed4fb0c77fc7f06cf44f6aae975d,æ¶®shuan
@23a1e6747d520d7c8776772fc8a5e4b039b1bcac787d8e77b1dfad4029cc8ffe,é¦¨è¯ºé›¨
@4776f27801b1a0548c9e6fac4fd22c48,Jessie
@bd40753e4a4053aebf8d8a3030510163ad50edebf27ac0a979ef745fa64e4d11,æ–¹æ¢“é‰´
@640a580104e0bc6277c7548deacfefcc35bf210421090a7f389cdc157efd6e41,æ —å­
@711c525ae7e8db9c7a5d83a2b8a99724997ee9188be89834718c63be322fe0e5,Ustinian
@950b996b02ab1372d4da27e9baa43388374c3b83004b2318ef4522589eeca15c,Ride Onï¼
@5d86f76761652b1d8f742d3f20e4ff3c094dda768190c95f0bf44883e8782ae6,James Bond
@8880a4b98a79ead4365a34be09321e9fc52376c821f57d3424cb7fcffd1fbc71,Kevin
@aaa101072206d808e19b0b8e3fa8f103590d8140f05d98722bc5e63c4b76caf5,çƒ¨å°˜è‹è‹å‘çœŸä¸é”™
@edde06f5a8dba54980103d70ba3ec53d136ffaa010fdb251bedcc13b56de65e8,ğŸ¥œ
@a25d16d677c3973d1a98ebc0388816fc03a72424e6a36420b73f5a79f90e8aad,è”é€šæ ¡å›­å®¢æœ-çš®è›‹
@f82a8a014d58f48bad2ef54d3e1c86315571bd200250028ba4c909842286a9a3,è™šæ„ç”µå­ç‹—ç‹—ğŸ¾
@573fed28bf890d07b60b0c1b89886a27f39c321cfddf7309cd25998a4ef9f717,å¤§æ¸…å¥¸è‡£å¼ å»·ç‰
@524ede46a1565f258efa299e25b9af6be5b51cb61993cc1af6b689803cffa5ec,Alwyn.
@25f9d4fb6bd8de0176dcba55b94fd595bc2ce8ab9425aa2d15b3db42b06b042e,æƒ³ç¡è§‰.
@5afa55606fe46a9677cda1c54d983551,Î±Î²
@8034c340e0d151305ae64d40b478e997a4cecf4a9700b86fa98347e2937e07c4,ä¿Šå¾·
@cf84a90f648bbdd8c52f0de57a49fd7a2d642804a3c6be1db966cd0551ac1a89,å¸®å¸®å›¢ï¼ˆè¿æ–°ç‰ˆï¼‰
@1e5db57cebf36ccb746eef42b092f3d19615a3bd2ba1e34716d7196577ac91d0,Scarlett
@bc486518533cce0b28ec67d19f54574a54c64e019024814467f35b5ee51533a9,Melantha
@5877651e44a3c74599c72d56f6e0209bb5e0563c105bfd43bcbdb490b1ad9cbf,è›‹è›‹
@2db199bfcab88090d6d6c9a6ecf285dc33379ad12ea2315377133967a7d2ba61,å¤šæ¬¡å…ƒé›…æ€-æœæœ
@6655e36398f79e2f5dea5bcb3253044563a389560736df4a35c699e72a7435f5,Ale
@deece03bf4483025ce3208c4055bf769951702a9066968554db7c1a8cc79afff,áƒ¦ Final
@17bb4d7d6874ee93d47e772098a64be7897d12dc6ca8d2d70590af6bcc2fe17a,ç ´å¿’å¤´
@1535d9bf2c7cbc3bfb112f01ad85db68095e059c5cc577ea49834aba65cc9f4d,ğŸ‡»ğŸ‡¦Î™Î§Î˜Î¥Î£ ğŸ‡»ğŸ‡¦
@34e28ac74305a79408d66a3e40ee96feea07e747f21287836a55861b6e9f1f5d,â‚Šâºella
@7584d447e80e0ac6abe164f82f5f35db9cea5c98fbed7d05283b77f1996cf0bc,Lord Ken
@c68721e476f7fe6dddc1293f717c3963,æ ¡å›­
@822106d1bf123c2fa02a5bcec9e1a76552d0b436cfcba308a3dc15b646a75d85,Aiziam
@95f1d7bb5ee77b6fb1718693f12d1cf448a62db0a7489a243c5d1095c2d94542,å¥¹23ç‚¹ç¡ç€äº†ğŸ’¤
@3956cc761865b48a215f598043f3a23680194c85bbdb5c6a194dbab52950916e,æ˜‚ç«‹ç­ä¸»ä»»å¾è€å¸ˆï¼ˆå‘¨ä¸€å‘¨äºŒä¼‘æ¯ï¼‰
@89c9dbdb8d1889e3512c6e8547b91cfe5c4b1e9421dd1ef66491b4586a4175de,æœˆäº®ä¸è¯´è¯
@286f7b2c170794315002380079af35d5431d4ddf4cf432b4c1014c9eb4b45ed2,è¡¾ä»‡
@1aa0e80c54e7ab20b187530d29533e5486cea1395a285beb8805e00b24fc1b87,C&amp;C
@57ddf7e6d5cde2b84cfb21440c20293bcf202e34d296ae2cfceb9f295a1e7f4d,å´å†°å±±
@99f768c5e2c91286b4b7ce08180c8adf44c0f38f391304843aacff2c51e3647b,ğŸ‘
@1018dda0d2534863b48075633f7d9c97608d3e738ec19f883c058931722bb7e0,tacit
@f8947bb5431129ce0975d6c01a0b2d237e1a5814753233f7b343db6ab2e6f878,AsteriağŸ’¨
@5bf4d16266523ab166869cb00eeaff9fd0b692003327fd0383c6e41428d81d2c,FreshMilk
@b7cfaede6096dbaf1e1adc8ecd230f77,é¢–ç ¸
@8cbc62800de285a4c71e14d3a5d38a7400dcfbbe8000128dd2d6634ebf87df32,Dolla
@39aa0b0985200b5080b4046e89356a7b9116dede96b2296eaeab47031eae8a27,Sally
@165aea6f4fa87586165bfd518d6d31810f93c18f2254b41359b507851752e4b3,æŠ¢æ‹è°è°‘æ›²
@01dc96d13681a2a9cba019c128c4d113ecb2d25b10628c347be977d065b5f20b,-LINONGC
@8d62c45653091b7b72f2380c3898b0c18dc1ef27b594d54c0d3fd041bd86219a,Art3mis
@39d3e54b1291b6fa28e2cbd7de536118bbf9b76c7f24454334b273355a79258f,å®‹çº¢é˜³
@a9604e88a515184d83249f68b3cf466594839d52ddabd48c30b1f7f9cf4aac61,Seo
@0891fc1d41b830bc9173735f1af7409cdec1286ac7e245338f21c3276b530353,ç¢
@a2f05f2a4efbf0a2067772093d6300fef402906a6b1b4a85ce9a965a3d457ac3,OoO
@0713c6c5cc63c98cca670f30cb17ba686dc5b5f6dcab51341b47e517e1128193,å¼ ä½œç›¸
@9fed09af3428e0cda3633710768bb4e8230d4c2a63750ea9fb6b01bae51a2e20,å¼ åŒ»ç”ŸåŠ©ç†å·ï¼ˆç©ºé—²å›ï¼‰
@5236170252f8abf308909eb860f818f087fc7438e0b1d48cad8f9052699f44d1,ZhuangChuanBiaoã€
@ed5ab1ec92db98c7e7e2553bf1cc9fd05c70d975f3608e444c4f457bac63441e,ZYy Â²â°â°Â²
@28cbe38919326dc5fbaf36d64f074402ee6814cadbcb5ddec5654f8fdbd0f574,palm street
@1fbf96db20e374f7770198f37c7e942894ce0ffd01d36d84d00c31df59989ab4,é¹¿é¥®æºª
@a226b7a7aca4ba1d499246289e5bb5d49882e022b1e6730012edddc51d165b82,åŸé›ªä¸¶
@60cdb62b547024dd62315ff5e74ffae24ccb294548448e176551db688fe59daa,Rae
@4dab06e5c9ffb06c38ba7101f49bc8f146e9abadd96e2d251d3aa88362ca40c8,è¯—è¶…ç»Šê§”ê¦¿
@aeae929cc70c7b69260cb166a4c771a1fc58f4304c8cb3e167a0e26c97c77ea2,æˆ‘çˆ±å¾®ç§¯åˆ†ğŸ˜
@0735b4f2e46c8964838702fc1c32411eedc377a9ebd43f23e3a4866fc021d5b8,çš‡å®¶å°ç¾Š
@f014e8c572fee4b130ee2b0f3167d8403c4af839e09cd41020aeba32a3636fde,å·´å·´é—´
@3a6a4f25f3c937f5646eddf15a624e90926277a36c331afb33ec0db4eb95a3db,è–¯ç‰‡ç»ˆç»“è€…
@cab18d2c973fe928abaa3f158f4609beadaa0ef1f1582938328c6c1bc3a914c0,è¯­åƒå·
@7a3f5aa91017c696964c812adbbf66b4fe7d008ecbe83315fa524214f7452d9b,ç§‘å…´é»„è€å¸ˆ
@b51f8f66d0775bacd68642b219ea859e1a5cca33ff9a1713995d0071748aa01e,åˆ˜ç»§ä¸œ
@1eddb48fb1f688e7a8c9c0184fc4cda05e952a5c6770cf11445527fc13a235ed,Ra1n6ow Î¼Î¼
@80e33d2ca25f404f210e26def2b80ef1b3104beadf1de028dea5dd2aa8c76700,é›·æš´é›¨ä¸è¿‡å°”å°”
@0e671964442fe910ae67775ae688c960bbf77b005e615745d45102f0c4c0cefa,æ—å®£æ¶¨
@b4821d3a990f06f7ddd73900ed16e9448e57f132d968224f6e7e5129daf07fbf,é¦™èœæŠ¹èŒ¶
@ee0820e178d2adad5ce5d90db719885afeef679edd1d826d4be4346da58de414,cin
@52c43047c7e977f5d01d4cf1cd6c5d77575da954f83b67fbb78b7cea6b08111a,å¢æ™¨ğŸ¥
@c916cf60f35a79d574df6b11e408ff2b2f918ac60282e9b5dbdaffa3b136befb,_JoyağŸ³
@3feb574907d5272f802b5db98289daec54ac49dd7b0c1f031a418fc82737c93f,[Heart] ğŸ¹ çš„ğŸ¥”
@01880a18f08d401a0a071f9f4648f938bb9f12dab7dfc40794fcea502bf6db81,ğŸ¸
@7b46f43f6cce29712a405ef5b2846a084200f71c9660e653b3d82278c923c04c,lhz
@a4c20d1e723088c54aeade92072d62d212dd0b3d4d600b9f5d533d9de78ad8e4,Rosky
@58c4dc23d1701e99c16c71c94d5219e7f8cfeb19be985dfc040a0e2b3c8b6601,Wen
@1eb46c426dd4971a2ffa41f17334f3111e92201f7d1cba0e48282b035ce654f7,NubbyğŸ¾
@ea7eccbd509b3e9abd10a5d2e061a3cb86d98eadba00da166f7a16a1d7e5cd3f,Aä¸Šæµ·å®¶æ•™18019136809
@44e64452cba3bd307a95c69876cc16df9e36faa265023afc3488a21469fba16f,ğŸƒ
@aab1dff09f06789f37422d7658d117a92fc2e00836999be03de44ae3b2001f38,å—é£çŸ¥æˆ‘æ„
@f7d3495b7e95d4f597a305cf03c8ce874ac07340630400f7676645aa60eb2e61,ç­‰å¾…æˆˆå¤š
@cba5d4fcb60bee36239cb43f45fd401a0c102aec8f6546bfc6788fb2cddb786b,ğŸš¬â„³è¿‡å®¢â„˜è€Œå·²ğŸ»__ğŸŒŠ
@9a20ccdb37a44b9ec01cd737dd331ed9c203f80250185a844e08a471f8d27380,L        L
@72652961e5c301309bc0b526585225c18c5c560dd497dbee4dabc53836479142,emm+a
@c6b754d01ee8176685d63605fa0828fef465025c53bf45a1154ebdc4ede0ae76,è“¬æ¾è‚‰é¦é¦
@f9716df2c96c309c2341f0596a6d7ef870683c9353bf16b84412ad57c6bcc3eb,Moriko
@fae51fb726f277154739339826c057acde326770103f8609c2cac80ceb41bc8b,TuTu
@9d399e11e6974f1b763ce3ccfbd7a9d4eeb4944d6944b6f7d50b502102852dc1,å†€é›…å¿
@82140ae97a8c09230e22622182de28e80f90a77b784e71fa5d068779666dfac0,John_L
@0e66836be0a67cc5f0c9de9fb2f7944bbcbce074ebc2eb9a6d8d0062bd1d0a17,éª‘é±¼çš„çŒ«ğŸ±
@3a4f7aee0151a4f1b74666232e4f219bdddc88b62464f80294a917bdf66172db,ç†è¡£è‰
@489d8424d591bbbde16de7950f98e353f086e1323231a7eb3d8b8b21c61b1be5,NKKKO_
@4ec01b3281a1742f21b9370f341c7e29b3216071d3c924d3854a0d96a17132e6,è™ç¬™ä¸åƒé±¼
@e0e08b0241041f7b2ce167bf8bcd52e332f90267651114c59bab85c6fdb7834f,æ™“æ™“
@0b6cc3556bea2c8b3c7e341a179bd0a5124e29f106bb39383b9be9ad1d1d7b5f,ilizrhm
@7c86b9f180e10f39fb27ae31d305e0e778f5814f2f7cadbe095ae7602c9625b5,Misteeeeeee
@26da0e4ea17a035a52eec02e618ae411501ba527bdcb795b3ce4230b58889ad5,çº¢æ€
@72bed55cbfa7213f344a07ff5ee1a49e229b735f986ac5861170398074b1ae54,kB4life
@06ffe7481f820bfe80657db26cb481299f955aa021886e406addfe8b490e30bf,ã€Œæ³¡æŠ¹èŒ¶æ‹¿é“everydayã€
@5cd6978b4f34a87cc534603245390efda8cbcc7f19ed44bb0f7dbf29086bb449,Ivy W
@113f4562d36125ba7289a69776258d7e12cda3d4c60f1237906a6fe6e6b97414,ğŸ’­
@36857b4d56766d7deee99dc7a06a3eda0499e52b3df9f0e05a809fa145a02a4c,CZY_
@135114109813ef7487955d5d4bdc4030452893d86e90c1628740b3820970861e,æ—§å¡ç”µå†°ç®±
@b1c9697fba7d36f0ae52a41325cea11c3545483b92929c7b6f8ed6206f961e4c,è·³è·³é¾™
@260328734cb2cc0c9359b22eb521f89f5c633c78e8d75ef8d04200ce147063fc,Innocence
@5f78b0a377b79d4e6517c4dea2095f15e783cfc85c92dbf6aba7fd726328c8d1,V
@085826ae8f4f633fff67f6b338c76af48b95418c8358741de72e63552547b83b,lyGee
@effa5059b66ed39547b36bcc38c886bd3de145204a4e1445e26fdd281c93d589,ç£·è„‚é”®
@5e2b92b3b0c23c154dc573914257f386eea455a12e85808481270dbc0c49e63f,è´¸å¤§æ–‡å°ï¼ˆè‡ªåŠ©ç‰ˆï¼‰
@61083c870905a0de522bd51133e3e5e24de5a52e368e720db6d204a9d1bf1831,Ucloud-ç®¡é‡‘åš
@1dde0d3a005b5e11ea2c0c1ac0c1e1aeb8b0ca287e64d653eb26533dc475f104,0TTF
@4e605a49b0d807d6cc12f04d10ea1ab6,å†œå¤«ä¸‰æ‹³æœ‰ç‚¹ç–¼
@247a1f8d39cc2015b3b3fa8b20395123a9606b11a21132532ff5827719a24328,R.
@e9693c00bc95389c83204222bbccd2bfd3b3a5801f522aefe2332d8d8d575cd8,BALL
@a4e811ff13f54fc7688e6ab55706485e9d4d664796c06ffe4b5d5d5240241dff,ÊšğŸ§¸à¾€à½²É
@631a692c7bc8735cf0ef250e6b0142a3c916265391112b8dfe32f4e058e38515,MangoğŸ¥­
@4562a4e32337208270ab71b3c22daa27073fa7f1e6b1eabb3d1a0830b8195276,Sigma
@80bbe22bc21c3bb3aaa451193122b3b3d63e6934b8152011750f0db03459e6cc,è„‘è¢‹ç©ºç©º
@52fffcee74903c36af05fe2295f3828b,æ‰å¾—æ˜Ÿ
@fd305a345be07ef56e07ea0e1810ded32aa7733d06d8d17654e1ef857485d767,è‹±ä¿Šå…¬èŸ‘è‚
@fd75478c336ea4b2427cf9b445dd471cfc5a06d00b98be7798fbbb87344c0433,ben10
@fd15ad57341f26dc7c6e4153ce107e2ceb4ea0052b5d35404956559917701e3e,å›¢ç­ç¥å¥¶
@0374fb5ae16998a87f1c39faa7a701c1f029c6c2dd3aded589476720a2af5d90,Terence
@e8500ed4cc04243b84d2bf12232787d34c36e734ae7289a5b29e77a6782d6328,lyz
@3e603a876e581b55b526229f97e39b4a6f312ad36b04c5d8cd6eba731d1591c8,æ»”æ»”
@d1b3e5647bfd2c5477facd139eb00719acfa0683e0396c6a8920c955423550cf,Chenyu
@aa375335e516995561e236c78d488dea124353be072cbf675b426b784a235f38,á•)à¸…
@ec824848ea914095bf38f13bb9fab09a5de444b1d2e3cd6238ba0c0aa5cb1aac,Matthew
@0e32be818815c25053ab74b900132aa3,è•¾
@205d7314dc90a9b92a1edaa59e05793b8fff5fc056bd4fad7a01f24d276068e1,å°å’ª
@b96a375785620818e8ebe825e56a68ab0414a70af0b7d66fe81f4365a3b9d897,ZYM
@2e2c318a8132bbd35aa6c83f2a5a7be8f4f52be7e320a0b7acf26e554a1a2aaf,æ¸©é…’Mealing
@508330555ed472b1f26c8325d2d20addd4004f9a34d0e59422fcd503983cda13,Aç«èµ›è§„åˆ’éƒ­è€å¸ˆ18514081268
@41d240156b92a823e051ddc793e5ea8cf51d9533979015714e1360fc23f7d6a7,L
@09c410a36a97217316f62f148fa426680f0cee6784f7acbd60fe0dce39cdc606,     
@21582bbd239ab03eb8262973628e0feea729cba75162fab4b28a606c0a67e68e,é™ˆå­”å¹¸
@5a4d02c3de7058da760c70315a93cfd746cdc6aa91476e1dd39b05e43a4333f4,Wy
@732a980f0459fd2560c9d9c4de02e3bb0dd76a3a78d9b814bfb1819f90194cfd,èšæ™¯ç½‘å®‰å®˜æ–¹-é›ªå„¿è€å¸ˆ
@5e8c8f8b6eeadc6aeed478c2431e5364d4040946cf2ec71ae2e65c1b15238f0c,William
@6a4a34ab97d7096a90a3364015b7b80a9810051aebec7bfaa899fcba40473741,å‘¨ç¥¥åŸ
@1a7bcd3e58c375f1a3e0e2fb9a3c32e405d35bb50ae04a27f327d80284dd6c59,Zzzá¶»
@0112f2d959cb7e53db57dad91d9725891eee9308335fff6b7255319a35700ac7,Jane
@db7a2716cb93d61151245cfd47cba45d,ğŸ¤ºå“ˆå£«å¿ğŸ¶
@8b5c3466cff897a9ad7d73276bbecbfd12df45c14a50dd785efeccfd9e11ca6b,é‡‘å’Œç
@ba507992f5d94b04b5a23b9c438d2b2f6fb2f8110b401188acf35be2d7f76ae9,NGC2237
@04cb3a33ff81a123e85c295e18c1230765dabe968643f777771012433738c6a8,Equinox
@033c4ca4995f3e4702b0da1fb61099b88b62bdb3900533d2ef3a149c8f17e260,shS
@f6bd64d5e941cdcf1d3b3161c1af6accb72b5790f03b55e708decfa91e61c6f7,Simone
@af2f47b27f21a540bb75f73839c776a97827041fd2d2f96358d330ad1f2ccf5f,LayLay
@623fbdc6a57a10ec7ba35d3560aa01e737b17796edd2c130496aca2187831c80,ä¸åšddlæˆ˜å£«
@4acf1b46e3ffbea0e997db1db6dea03e7723dd5d183f9013429c77ea466513d2,å°å¤ªé˜³
@cbfbfa1c70085e43c37ea3cec233095a0cba893172a11c3cf7cff537329f4945,Naci
@b2db07fe31fa1b845f0d89472c06a7ced12a565f1964f8707a629b55e184b332,ç¯®çƒä¸€ç”Ÿæ‰€çˆ±
@dd375898205e2aedb34b5325a6969081f7ffdd955453df419dfd260c393ef855,çŒ«
@3f8aea8a80f4c36114f49b2a3d1c1128cb415ca1c5632d69e851cff6e73e180c,JeniferğŸ­
@b60b0fbf3034a7cac85909c915cb54d7ae1bbc3813d4c276bb936f86eec05698,ACCAğŸ’ CPA ğŸ’ç•™å­¦å’¨è¯¢
@bfb3254ce9a43efba96aa6146d2ad7a52423ae505a8aca6f3b80fdd9fde26857,Judy_G
@06f252bbda3e3d7c5dea64194f298047284a99e929034751b9ea6632e8453513,ç›–æ¬§å¡geouka
@2b36d311ab853c24e3ab0c4fbfc11e40ae6bb46ef443d569308de9c9e35a2a4a,Leo
@1b054570ae6cc0fdcc6669fc0588a301533f70b75a02f4b4f58aa91208daff7a,AWu0610
@8ff2b5d4839f434004cc0f90127bde2217aebab59c206329aff9cc050631bc08,é»„çƒ¨
@4e348fe499815aef7bc1b7786ff0a82dd04c94d8432b6ac9bc65d50a399c8be3,æƒ³åƒç‚¸é²œå¥¶
@6843d99e102422dff019bc23d7ec70540c9c4db668c1c2e6bc5849abfacf6b24,Winnie
@12aff6834d3456ee51a3aa7cf651d146776ae85ba2776a0fa74efd8b72c353b7,echo.
@73295bd3a4f1f3c27f9499a0ebf96db735d0da6e4d9b5e219c3c25742fcd7c0c,hlm
@53115e28d49913f300631f64ac8b4da2ff031936a1913b58d06585664e82c72b,å°ç™¾ç§‘Iå…ˆçœ‹æœ‹å‹åœˆ
@c54d244668ca5ed06bcc9854a064ce7e9cedbfa5330614d816dc414d3be33f50,ğŸ¤”
@586f4b40dfdbf61ae6ac7a768ce37f94d2ba67b45d85d04ce19a6c6dd070d6c6,è§‚å—
@68aa84b972e7dc482f4ea022022b793f55a7c93c69e33bafc4f5e2d1e922c006,è°¢èŸ¹ğŸ¦€
@09658e2a4ff2a43fa1d3ec6a0e18481052b9e6b8ad4c386c8822a809898254de,AAAå°ç†Šè®ºæ–‡|ç½‘è¯¾(æ¥speexx
@6d8aa4171086f440176eded39c542cff2e2b4ba680178f0afac87246812d6899,jieongyyy_ ğŸ°
@bc6b86287ef618b9ee570a498f9ad6caa696727512fd46fb31f2af0f69ef02e8,è‚†å–œè‰¾å¸Œ
@87dd470b7f7a8241fcebf639adce3785,æ©™å­å“¥
@74981cfc815e41ec5c2f7f94061aa40fa2d0d0f2612b6bbe47d07261359a0efb,WhanserS
@262d7cf7a020d42e2cf21375a209b76b7358ff0d9532038588f4197102fce2e9,å†¯ä»°æ£ ğŸ˜–Â³â°â·Â²Â²âµâµï¼ˆæœ‹å‹ï¼‰
@fb7f5dba7fed5c9732a20d60c4dd9a7fb85efa3559252faeda9909d9eb363fcd,Kevin
@cf45ad67c57f5798937453181ac9ef39580516279760e887a9b0eb6cb391b324,Y
@aef3e27f03946d80cb118d8506a603cb37e94e81001e6b4778672035aa7a4708,EVAsun
@d51c91ef011c5781203fa7b1473a59fa3b66d2ecb7920b2e1d6313bb15fd87f2,æ–½å±•éŸ¬
@33dc95c62752ad7c612640f33090824e48147604e1d8fd4fa3896bd80db56050,Â·CarinaÂ·
@e41eec961f28470c5b52a208f725bd22afb1c2474789f931facd6bcd8eff13cc,æ­¤é—´å½’å›
@003d4aa3afbe60351fe86141c0347f04,å­™è¯—ç™½
@ba940ce2d77066e3182d5662de4cc15ed64b779c360a427b03ce988f49d06803,91HTTP
@ecca781e1db397b72315ac66de34b517f40c78c45535cce8a2e001c249af5e65,å®‡è¨€
@17e9649e9df78e035ea1f5802ed5d2ce39465b5c0868b19b81309db5a398aeb1,ğŸ”…
@f3b15c05b8be8d4b10b59d9b5915f4f44534c0d03438f7dbe345b6bdad9f9a73,é­…Ktvæ¾æ±Ÿä¸œé¼å¹¿åœºåº—18017376073
@345e6b5d2a9b916d7380bd209ee4c7be11556585aa5379dc61ca68d23dcc7421,duuuuuuu
@351a51b5cf9c7d90b1b6a6f2e73070f716efc68ff8af5f3104b6f8d768d1e440, 
@24e428167bcd8c71789c76f47a63410229ea57ed2bd5ee0f9d2c21fe742388cb,pop
@87c59b6ed92d7d43930fc13ddebd577782b88b4fd631d6bd4d4fb54c715cd1c0,åƒè°·äººæ²¡é¥­åƒ
@69baa331fedfd74fd2b102611582a3435c34f1d509d7dc54eaccfc28151a5437,IchinenğŸ°
@c6e4b71f69927710d8839062eec4958e6afb258106868329696c820f9cb57b77,Luluya.
@f9ce55661befb4a8ca773e94cad30a7d7456ae6b7f3c6fae3bce7e69b653127f,æ¸¡.
@e3d6d03e534a270894a8f833cb0eb946c7b8628af64422e6250d1cc982112c39,Aperto
@57607d7e9936d440cfce79a3c016ae87,Aronioslw
@9ca684f8fce21092d314aae7b3566395f97ef53b9d74a66ac7387e18fd1b8914,Spectre
@67c1baad66e20ad5738d244419bce6157c0a8c1a7d4da1090676c6cdcd607fe8,å°ğŸ· ä¸å›°
@c52d23cf59b14e88e3a40f5bf6a6ad7c84758d0040716a429b4170da5b3b788f,Yuminå´æ˜±æ—»
@72750c1ba11b60eb29bcee00bce692ed20b2430d1199fc9bcd098bfa5acf3b9a,#002FA7
@ff8e1801a7243a66a8c8dc3aa3c8a57dca29dee32777e44020d2ec40caf4f849,Poisson
@83c5ee593af554a0a195f2a6f971666e765921d49684badd3ed379348bfa379d,å°çŒ«é£è¡Œå‘˜
@df7c92393a553bea175a7334ea7b2161ca58d90c001a583d3bbe0858cdc0ee33,G7
@b965b60d933d89ba240e4c7d5e8b692c3c571c5bdc8ac0801741d62441c5a011,YIIRANN!!!
@bab4bcae9496d6a62f8d32e301520ee255905b12eccd149a86bacd0c022d7c93,Jarvis
@8980e1fa4d0485ccdc4d3f60a860f17000e6cf25e09f0b7cd44e66e05a3cf52e,åº•ç‰©
@9eb9a878453bfce9f05e2063d1963c6100f53683daa0bbdd3520a564790c6209,Li
@e33611ae94200b94a3742faf73c5d9215523a188d4dd1e856f4dd5a70b9e1e47,é™ˆå½¦é”¦
@a9237e676980f5917a7258c2202072b9f03da2035e9fac36e512181128cb0f46,R.M.T
@44d83a285a1fc419ec1254f58dd1b11f0b00222ac94c85ee22c1da7860ec9478,çµ®æœˆ
@2634c224d98609c065cd59db17e3e2062a3d4ac11bf785487c914b7a7b853ebb,Seraphim_Official
@9b9d2326f1b76446124a8f7f07fc368c59841e90c6fc60abc412ffb3d462824e,David
@f6f76e232cff1c6f465cd4e811e1b67570c058f4fcdf0e459f7c7fa4ebba8481,Exhit
@5ca6b2c72b3920d6663c2c2c43de5a4a52731d60810cd893fee7d44e585e02f9,Lydia Liaoï¼ˆå…»èº«ç‰ˆï¼‰
@a84fe95a629ba4fa68c1bd94f41080d6b044eff54ecf5de92bf6e0ef8498c3f9,ğŸ’°
@258a5cc2ed629022e710f0bc34ea503ecf7902855e11af8e3676c4106bc7e3e9,1
@9906aa6ffc9d0df398a2bd86bd2024c504e358b55529692a82bb34c9e823bdf6,å®‡æ™ºæ³¢è±ªğŸŠ
@6d8b18cd2ff47116ff9501cdf39ad710883b15768de66613fd62f381688f1ee0,FlechazoTinae
@eb8390844086ec70fdf79031fdbf7993f39679c567f5125f20714fc3c8942ce6,é›£å».
@7e2b014cc895059d174ae217ace86a40b245d1050c65afab444d0c51bb460dff,cycloid
@329f81d5bbb956cc5fc51bea3194e04ba6860baf38e1060e909f833d8558ed18,æ—­cc
@286bc329f4dd054138f4e043461ffaaf57d366cdfc40642f7ab4676385bd236d,å…­å…­
@6a12b3f2958d51df663a70164ee7f99c61d1155215b914b9e47a37fe63f9d06b,æˆ‘çš„å¤–å–å’‹è¿˜æ²¡åˆ°
@4d7baa5b1fa5281010ad829422304d47f26f5519f10063082ac61b5e3adf9aca,å¡æ–‡è¿ªè®¸
@8e8382a648935a4d2823d1f1546de9c6958a5ba90a98ef576027df7709ee0b75,Min-woao
@61258630f6e5bf9bd8ed603d3a8c48b7236a5b4963a9d1b51dad2772d776f02c,æ©™æ£®æ£®
@72b35b1747f32c6e5e0d5dd2b5045df9d8533fe66ebf706fa8ecb1d5190fa6f1,L.
@446df20d56b730ff071a26dbe0fa958407f88d48dedcc2fd63e08d38dd96d6c3,ä¸€é¢—å°æ©™å­ğŸŠï¼ˆğŸš«æ‰“æ‰°
@2fc74c63033aac3ac456b30f59f8eec9af5fa048988b7fe789f972522498a597,è°¢å­¦é•¿-è½»æ¾å­¦è½¦
@15df97ba0c66a3e2c2b4576f73a1c56e7bcf9d8ea0b7f38059d78da90105305a,å¤å†°å­¦å§
@c32e91c3f34c4f6f5bfa9fede95b0daec1f57bd0269cabadb45059e0687c4cc8,ä¾ä¾ä¸å†…è€—ğŸ§¸
@cbd86d8bc520a9f69bbbb1529eb2a775cf54f8be1ce6b9e006f021e75d25e2a4,Skuld
@01adac143b9da99bbb8d0a31c2bc70f61e69c8995298f1b40011c23aa19cc039,Â³Â²åº¦å¤šäº‘
@a1ccc8e66f3741cd44f47958a5b067d8a0f3d92b66b745a0801c14a318695499,ç¾å¼è±†å¥¶
@5ec4d649a8b56c4a4d03e499ada0999b05b9429d6f429aeaf7ad0fdfbac2b037,å´è–‡æ—
@c76cf0a69beb5f3182a3fc0d2b4d0d0b7ff67d594c751ce46e11bc190ef5fb60,äº“è¿©
@46b0adbe76d85b02773c5ab834044db8e909d53c5d9f931a8f73dac1a3bcd58e,exile.
@b39eb27589b0ba73922a59ea46c2cd506f5648c66b893166172ed359a81bc693,ä¸€åˆ»ã®æ°¸æ’
@96320765c0af7aafd4ab452353d60b67fdd5ebe0e4998d1d6560ff38b2f3bf86,è‹¥è°·
@4ee75c4f7d20c15c4411be593fe4b64f24c09d9bda86b5e1b83bb34f1311531f,å†ç¡ä¸€å¤
@3629618cc5a4d40a59b32cf06de2c5938ef29db870fe4be145c75ebc6159d976,ğŸ¦ˆ
@6b11801c56c196fb8becd8f6f24dc6a130dc54edcff229722db12d39b8110445,å°æ–°
@37fff34857c49edd5c1ca35f99c6453aaeab110f0d90c736ed45d0cb41f06ef9,å¤šç¾ŸåŸºé†›é…®
@0f2ba3bb2666654f80ccae948dc886dde2958178e6378a226c09d43f0b66f2ab,é˜¿é£˜
@878c900a81dd1c7adb87d0a844e6068dfb63b6812b531c83fadf661c11d82522,CaTnT
@0b63e92f8bbc4ea9b28959f3fd9b5459c37a74ba99a1784124c337b46aecba65,Mike
@ce841c2ba501253fa1ac658d4c9f2b349fcb5be8a60a19ba0ab5bff766bbf2e4,å©‰å©‰åˆ°æ¥
@6aa95dc8897fa11263385532bf939f3225229d04de75f545fbd30c909eb3ef3a,ä»™å¥³ç›å¡å·´å¡
@75fd0f30e202aa33b468f96775dc75374f631d2733c7f7dcb500d9dab4a99de3,Coisini_leno
@3d802c7d9c96dc6bcd58974a7ee5bd1ad7a400e68faf3aa15473695fbae33908,å—çœ 
@bfcbf13fed3bff4d52ac7708b4c5f2612f5b6aa40d0743294cc43b92f2111117,XAN
@c6fda1503df5a3b87ca3be335035c80a487b18b8a877b6fefc47fdb19f663cff,è‘«èŠ¦é‡Œå–çš„å°ç‹ç‹¸
@b239dce2a67a123636fd06c8b53a655ff54222187252b7d229f802ce5085d92c,BLACKBUNNY
@f662a3955673e90677d9a6dfc1801504071e20dc5d7c80dc4d8e22cad55be9f6,LindağŸ¦‹
@1cfe2c704a77ea047c508ef2af9b1ebcbc154f825779894bfff67e28a1c8390e,wubba lubba dub dubs
@1051d501a362163cdbab4a96e3b487f969f61492c097b5b2ec43ff5c869dea4d,ä¸åŠ›èŒ¹
@21753864bd101473b827daca0b3683221e9dca72a8fd608d5f783d60c62a254b,é«˜çº§æ¡å‰å®˜
@68c21996da24a660de627f00cf0b0e5989f4ad15e5610fe1925fdd6e39fd39f7,ï½Œï½‰
@cbaedfe43fdf024801d30262b72e215a,é è°±æè€å¸ˆDora LI
@1bf790c59a7b71c636aac63507f1afd8735376f19248cea61a5a71ccb15d3455,æ²›é½åŠ©ç†-æºä»£ç 
@b7588eb95b2804c350d8cec29cd8f61235cccd873c7f8283e64f53dd549ce627,æ¶ˆå¤±Jä¹‹è·¡
@eb69f60c4d427a6057f15eb35d3ef08cce58c6f3a96ebb9208ebb4fa354a147f,Pyeong_1
@19aae9528be533416fb79681907109ded5ce613bbd19be1e2f6f3fefb96cea9e,é˜¿æ˜Ÿ
@02b40e0c7daee1e08ec0dc4480f44739c545c1fd94a0b54a412e3717456c3662,Yeo7ii
@0fd5e16aadccec715dd6a30fb82b17d126e6660c5e4abf677805442ddb2fc2ad,ç¾Šç¾´
@65f172f8db85409cd9a8eb90ab191ebe5e29385b090df3667d9589007adfd1bd,Yubariii
@25b79cdea5a9a427789abfa8b23a99d7a04a400582cc965c9b03bead908ef72a,å°ä¹”è€å¸ˆ
@5f640fccc63bd4175cdac1cd0bdad53564818534234f3434185124f1a34ae4b5,1
@60fce047eccd4d6188ce6484cefcd79cc8c576a84860d6e4c263c013eb5d9de6,è‰è“å°ç†ŠğŸ§¸
@4b14b1cff224c61f8c1e37ebb2a48ce363ac89d05c62d9b03d69e30e6145b701,ğŸ—
